{
  "Dfh5DzRgSvvCFDoYc2ciTkMrbDfRKybA4SoFbPmApump": 1775326531.57756,
  "3NZ9JMVBmGAqocybic2c": 1771803102.6394827,
  "61V8vBaqAGMpgDQi4JcA": 1771803102.6394827,
  "x95HN3DWvbfCBtTjGm58": 1771803102.6394827,
  "5qAWPGkRqb9aV7Yox4gf": 1771803102.6394827,
  "J6pQQ3FAcJQeWPPGppWRb4nM8jU3wLyYbRrLh7feMfvd": 1772960652.1542113,
  "METvsvVRapdj9cFLzq4Tr43xK4tAjQfwX76z3n6mWQL": 1775552750.0469196
}